<?xml version="1.0" encoding="UTF-8" standalone="no" ?>
<ruleset name="PMD.rul" xmlns="http://pmd.sourceforge.net/ruleset/2.0.0" xmlns:xsi="http://www.w3.org/2001/XMLSchema-instance" xsi:schemaLocation="http://pmd.sourceforge.net/ruleset/2.0.0 http://pmd.sourceforge.net/ruleset_2_0_0.xsd">

  <description>This ruleset was created from PMD.rul</description>

  <rule ref="category/java/bestpractices.xml">
    <exclude name="AccessorClassGeneration"/>
    <exclude name="JUnit4SuitesShouldUseSuiteAnnotation"/>
    <exclude name="JUnit4TestShouldUseAfterAnnotation"/>
    <exclude name="JUnit4TestShouldUseBeforeAnnotation"/>
    <exclude name="JUnit4TestShouldUseTestAnnotation"/>
    <exclude name="JUnitUseExpected"/>
    <exclude name="ReplaceEnumerationWithIterator"/>
    <exclude name="ReplaceHashtableWithMap"/>
    <exclude name="ReplaceVectorWithList"/>
    <exclude name="UnusedFormalParameter"/>
  </rule>

  <rule ref="category/java/codestyle.xml">
    <exclude name="AbstractNaming"/>
    <exclude name="AtLeastOneConstructor"/>
    <exclude name="AvoidFinalLocalVariable"/>
    <exclude name="CallSuperInConstructor"/>
    <exclude name="ClassNamingConventions"/>
    <exclude name="CommentDefaultAccessModifier"/>
    <exclude name="ConfusingTernary"/>
    <exclude name="FieldNamingConventions"/>
    <exclude name="ForLoopsMustUseBraces"/>
    <exclude name="FormalParameterNamingConventions"/>
    <exclude name="IfElseStmtsMustUseBraces"/>
    <exclude name="IfStmtsMustUseBraces"/>
    <exclude name="LinguisticNaming"/>
    <exclude name="LocalVariableCouldBeFinal"/>
    <exclude name="LocalVariableNamingConventions"/>
    <exclude name="LongVariable"/>
    <exclude name="MIsLeadingVariableName"/>
    <exclude name="MethodArgumentCouldBeFinal"/>
    <exclude name="MethodNamingConventions"/>
    <exclude name="OnlyOneReturn"/>
    <exclude name="PrematureDeclaration"/>
    <exclude name="ShortVariable"/>
    <exclude name="UnnecessaryReturn"/>
    <exclude name="UselessParentheses"/>
    <exclude name="VariableNamingConventions"/>
    <exclude name="WhileLoopsMustUseBraces"/>
  </rule>

  <rule ref="category/java/design.xml">
    <exclude name="AvoidDeeplyNestedIfStmts"/>
    <exclude name="CouplingBetweenObjects"/>
    <exclude name="CyclomaticComplexity"/>
    <exclude name="ExcessiveClassLength"/>
    <exclude name="ExcessiveImports"/>
    <exclude name="ExcessiveMethodLength"/>
    <exclude name="ExcessiveParameterList"/>
    <exclude name="ExcessivePublicCount"/>
    <exclude name="GodClass"/>
    <exclude name="LawOfDemeter"/>
    <exclude name="LoosePackageCoupling"/>
    <exclude name="ModifiedCyclomaticComplexity"/>
    <exclude name="NPathComplexity"/>
    <exclude name="NcssConstructorCount"/>
    <exclude name="NcssCount"/>
    <exclude name="NcssMethodCount"/>
    <exclude name="NcssTypeCount"/>
    <exclude name="StdCyclomaticComplexity"/>
    <exclude name="SwitchDensity"/>
    <exclude name="TooManyFields"/>
    <exclude name="TooManyMethods"/>
    <exclude name="UseObjectForClearerAPI"/>
    <exclude name="UseUtilityClass"/>
  </rule>

  <rule ref="category/java/documentation.xml">
    <exclude name="CommentContent"/>
    <exclude name="CommentRequired"/>
    <exclude name="CommentSize"/>
  </rule>

  <rule ref="category/java/errorprone.xml">
    <exclude name="AvoidAssertAsIdentifier"/>
    <exclude name="AvoidEnumAsIdentifier"/>
    <exclude name="AvoidLiteralsInIfCondition"/>
    <exclude name="BeanMembersShouldSerialize"/>
    <exclude name="CallSuperFirst"/>
    <exclude name="CallSuperLast"/>
    <exclude name="CompareObjectsWithEquals"/>
    <exclude name="DataflowAnomalyAnalysis"/>
    <exclude name="DoNotHardCodeSDCard"/>
    <exclude name="EmptyInitializer"/>
    <exclude name="NullAssignment"/>
    <exclude name="UseProperClassLoader"/>
  </rule>

  <rule ref="category/java/multithreading.xml">
    <exclude name="AvoidUsingVolatile"/>
    <exclude name="DoNotUseThreads"/>
    <exclude name="UseConcurrentHashMap"/>
  </rule>

  <rule ref="category/java/performance.xml">
    <exclude name="AppendCharacterWithChar"/>
    <exclude name="AvoidInstantiatingObjectsInLoops"/>
    <exclude name="AvoidUsingShortType"/>
    <exclude name="ByteInstantiation"/>
    <exclude name="InefficientEmptyStringCheck"/>
    <exclude name="InsufficientStringBufferDeclaration"/>
    <exclude name="IntegerInstantiation"/>
    <exclude name="LongInstantiation"/>
    <exclude name="ShortInstantiation"/>
    <exclude name="SimplifyStartsWith"/>
    <exclude name="UseIndexOfChar"/>
    <exclude name="UseStringBufferLength"/>
    <exclude name="UselessStringValueOf"/>
  </rule>

  <rule ref="category/java/security.xml"/>

</ruleset>
